<?xml version="1.0" encoding="UTF-8"?>
<project-private xmlns="http://www.netbeans.org/ns/project-private/1">
    <editor-bookmarks xmlns="http://www.netbeans.org/ns/editor-bookmarks/2" lastBookmarkId="0"/>
    <open-files xmlns="http://www.netbeans.org/ns/projectui-open-files/2">
        <group>
            <file>file:/D:/001dados/Unopar/repositorio/Portfolio3/br.com.flordeliz/web/style/estiloPagina.css</file>
            <file>file:/D:/001dados/Unopar/repositorio/Portfolio3/br.com.flordeliz/web/cabecalho.jsp</file>
        </group>
    </open-files>
</project-private>
